group	op	code	name	new
0102	add	010745	磷酸铁锂	
0102	add	010746	钴酸锂	
0102	add	010743	萜烯烃	
0102	add	C010257	香叶醇	
0102	add	C010256	人造麝香酮	
0102	add	C010254	椰子醛	
0102	add	C010255	安息香酸乙酯	
0102	delete	010069	动物蛋白（原料）	
0104	delete	010655	油石灰（油灰）	
0106	add	010748	科学用荧光染料	
0113	group-rename			食品、药品及化妆品工业用化学品（不包括食品用防腐盐）
0113	add	010744	生产用香精油	
0113	add	010747	食品工业用草本提取物	
0113	add	010749	生产用麝香	
0113	add	010750	生产用香兰素	
0113	rename	010728	食品工业用除香精油外的植物提取物	食品工业用植物提取物
0113	rename	010729	制化妆品用除香精油外的植物提取物	制化妆品用植物提取物
0113	rename	010730	制药用除香精油外的植物提取物	制药用植物提取物
0115	delete	010615	非文具、非家用谷朊胶	
0201	rename	020096	复活节彩蛋用染色纸	蛋用染色纸
0203	add	020142	食品装饰用可食用上光剂	
0305	group-delete			
0306	add	030006	化妆用杏仁油	
0306	add	030100	化妆用香精油	
0306	add	030287	化妆用花水	
0306	add	030288	化妆用香精	
0306	add	030290	化妆用特效蜡	
0306	delete	030008	琥珀香水	
0306	delete	030090	薰衣草水	
0306	delete	030091	带香味的水	
0308	add	030091	香薰用香味水	
0308	add	030118	香薰用精油	
0308	add	030246	香薰藤条	
0308	add	030286	香薰用香精油	
0308	add	030289	香薰用香精	
0308	add	C030075	熏香制剂（香料）	
0405	rename	040076	夜间照明物（蜡烛）	小盏蜡烛
0405	delete	040010	圣诞树用蜡烛	
0501	add	050525	芳香疗法用油	
0501	add	050526	芳香疗法用霜	
0501	add	050527	药用花水	
0501	add	050528	医用透明质酸钠凝胶	
0501	add	050530	辅助戒烟用尼古丁制剂	
0501	add	050531	医用荧光染料	
0501	add	C050066	安神用香精油	
0501	add	C050067	降低食欲用香精油	
0501	rename	050167	除香精油外的药油	药油
0501	rename	050452	除香精油外的药用植物提取物	药用植物提取物
0501	rename	050456	除香精油外的医用草本提取物	医用草本提取物
0501	delete	050085	熏蒸香锭	
0502	add	050529	初乳膳食补充剂	
0602	rename	060014	金属喷头	金属喷头*
0612	add	060508	车辆救援用金属制牵引板	
0613	add	060506	金属制皂液分配器	
0613	add	060507	存储和运输用金属板条箱	
0622	delete	060477	普通金属制耶稣受难雕像（非首饰）	
0701	add	070627	农业用采收机器人	
0709	group-rename			食品工业用机械及部件
0723	add	070625	家用电动食品真空封口机	
0724	rename	070588	装有烘干滚筒的洗衣机	带有烘干功能的洗衣机
0729	add	070624	生产用化学反应器	
0750	add	070623	非陆地车辆用离合器垫	
0752	add	070626	擦窗机器人	
0807	add	080305	平头凿	
0809	add	080303	手缝锥	
0810	add	080304	拆线刀	
0901	add	090965	近场通信（NFC）标签	
0901	rename	090614	鼠标（计算机外围设备）	计算机鼠标
0901	rename	090820	轨迹球（计算机外围设备）	计算机轨迹球
0902	delete	090252	开发票机	
0908	add	090961	虚拟镜子（交互式电子显示屏）	
0910	add	090756	红外探测器	
0910	delete	090756	红外探测器	
0910	add	090959	实验室用烧瓶	
0910	add	090960	实验室用化学反应器	
0910	add	090964	用于实验室科学研究的基因扩增装置	
0910	delete	090304	感应器（电）	
0911	add	090726	3D眼镜	
0913	add	090304	感应器（电）	
0914	renumber	090381	避雷器	090955
0916	rename	090646	灭火用自动洒水装置	消防喷淋装置
0916	delete	090297	消防车	
0916	delete	090601	消防船	
0919	add	090956	防暴盾牌	
0919	add	090962	紧急冲淋器	
0919	add	090963	潜水用呼吸调节器	
0919	rename	090655	潜水和游泳用鼻夹	潜水用鼻夹
0919	delete	090004	个人用防事故装置	
0919	delete	090046	防眩光眼镜	
0919	delete	090073	救生筏	
0919	delete	090816	救生艇	
0919	delete	090895	逃生椅	
0921	group-delete			
0922	add	090957	核电池	
0924	add	090958	宠物救生衣	
0924	delete	090923	宠物用太阳镜	
1001	add	100345	牲畜用自动接种疫苗设备	
1001	add	100347	医用黑头吸出器	
1001	add	100347	医用粉刺吸出器	
1001	add	100348	脸部按摩滚轮	
1001	rename	100325	医用低温设备	医用低温治疗设备
1001	rename	100326	兽医用低温设备	兽医用低温治疗设备
1001	delete	100070	刮舌器	
1002	add	100349	牙科用牙齿美白仪	
1002	add	100350	防磨牙用护齿	
1004	add	100343	游泳用鼻夹	
1004	add	100351	兽医用宠物冷敷垫	
1008	add	100344	视力障碍者用智能手杖	
1008	add	100346	医用助行器	
1010	add	100340	宠物用太阳镜	
1011	group-new			眼镜及附件
1011	add	100328	眼镜*	
1011	add	100329	眼镜片	
1011	add	100330	眼镜框	
1011	add	100330	眼镜架	
1011	add	100331	眼镜链	
1011	add	100332	眼镜挂绳	
1011	add	100333	色觉缺陷矫正眼镜	
1011	add	100334	眼镜盒	
1011	add	100334	眼镜套	
1011	add	100335	隐形眼镜	
1011	add	100336	隐形眼镜盒	
1011	add	100337	具有超声波清洗功能的隐形眼镜盒	
1011	add	100338	矫正镜片	
1011	add	100339	太阳镜	
1011	add	100341	防眩光眼镜	
1011	add	100342	夹鼻眼镜	
1101	add	110420	植物生长灯	
1101	add	110422	电夜灯	
1101	delete	110195	圣诞树用电灯	
1106	add	110421	服装清洁和清新用蒸汽柜	
1109	rename	110121	淋浴器	淋浴器*
1109	delete	110017	蒸汽浴装置	
1111	delete	110088	电暖脚套	
1111	delete	110345	电热袜	
1111	delete	110351	电热服装	
1111	delete	C110061	电热马甲	
1111	delete	C110062	电热手套	
1111	delete	C110063	电热靴	
1114	add	110419	非兽医用宠物冷敷垫	
1202	add	120350	陆地车辆用离合器垫	
1202	add	120352	消防车	
1202	renumber	120340	轴承（车辆部件）	C120024
1210	add	120351	常压潜水装具	
1210	add	120353	消防船	
1210	add	120354	救生筏	
1210	add	120355	救生艇	
1210	add	120358	冲浪皮划艇	
1210	rename	120021	船*	船
1211	add	120340	轴承（运载工具部件）	
1211	add	120356	逃生椅	
1211	add	120357	运载工具用隔断性质的宠物安全隔离栏	
1211	add	120359	运载工具专用顶上帐篷	
1403	delete	140179	贵金属制耶稣受难雕像（非首饰）	
1403	delete	140180	耶稣受难雕像（首饰）	
1404	add	140188	棋钟	
1502	rename	150078	乐谱纸卷（钢琴）	乐谱纸卷
1611	delete	160302	文具盒（全套）	
1615	delete	160264	文具或家用谷朊胶	
1617	delete	160151	绘画支架	
1618	delete	160178	便携式印刷成套工具（办公用品）	
1619	rename	160027	算术表	印制的算术表
1619	rename	160027	计算表	印制的计算表
1620	add	160412	制手工艺品用绳绒织物棒	
1702	rename	170085	非文具用、非医用、非家用胶带	非文具用、非化妆用、非医用、非家用胶带
1702	rename	170092	非文具用、非医用、非家用自粘胶带	非文具用、非化妆用、非医用、非家用自粘胶带
1702	delete	170039	离合器垫	
1703	rename	170115	窗户用防强光薄膜（染色膜）	窗户用染色防强光薄膜
1704	add	170141	浇水软管用喷嘴	
1705	add	170140	绝缘、隔热、隔音用聚酯短纤维	
1706	add	170140	绝缘、隔热、隔音用聚酯短纤维	
1802	delete	180084	旅行用具（皮件）	
1804	rename	180007	雨伞或阳伞的伞骨	手持雨伞或阳伞的伞骨
1804	rename	180018	雨伞或阳伞骨架	手持雨伞或阳伞的骨架
1804	rename	180043	伞	伞*
1804	rename	180066	女用阳伞	手持女用阳伞
1805	add	180153	越野行走杖	
1907	add	190277	建筑用耐火石	
1909	add	190278	建筑用塑料型材	
1909	delete	190077	非金属、非塑料制水管阀	
1909	delete	190221	非金属或非塑料排水阱（阀）	
2001	add	200383	打坐凳	
2001	add	200385	祭台（家具）	
2002	add	200378	非金属制皂液分配器	
2002	delete	200029	软木瓶塞	
2002	rename	200128	板条箱	存储和运输用非金属板条箱
2003	add	200379	非金属喷嘴*	
2003	add	200380	车辆救援用非金属制牵引板	
2006	add	200386	种子制小雕像	
2006	delete	200324	木、蜡、石膏或塑料制耶稣受难雕像（非首饰）	
2006	rename	200205	木、蜡、石膏或塑料制艺术品	木、蜡、石膏、塑料或树脂制艺术品
2013	add	200381	打坐用软垫	
2013	add	200382	瑜伽枕	
2013	add	200384	瑜伽垫枕	
2101	add	210480	意式面食制作板	
2101	add	210483	酱油壶	
2101	add	210484	电磁炉保护垫	
2101	rename	210045	瓶	瓶*
2101	rename	210289	长颈瓶	长颈瓶*
2104	group-rename			玻璃、瓷、陶、黏土工艺品
2104	rename	210217	瓷、陶瓷、陶土、赤陶或玻璃制塑像	瓷、陶瓷、陶土、赤陶、黏土或玻璃制塑像
2104	rename	210234	瓷、陶瓷、陶土、赤陶或玻璃制艺术品	瓷、陶瓷、陶土、赤陶、黏土或玻璃制艺术品
2104	rename	210252	瓷、陶瓷、陶土、赤陶或玻璃制半身像	瓷、陶瓷、陶土、赤陶、黏土或玻璃制半身像
2104	rename	210285	瓷、陶瓷、陶土、赤陶或玻璃制小雕像	瓷、陶瓷、陶土、赤陶、黏土或玻璃制小雕像
2106	add	210481	桌布坠	
2106	delete	210012	浇水软管用喷嘴	
2106	delete	210013	洒水设备	
2106	delete	210191	肥皂架	
2108	add	210479	刮舌器	
2110	add	210482	美容用黑头吸出器	
2110	add	210482	美容用粉刺吸出器	
2112	add	210486	擦眼镜布	
2114	add	210485	家用水培种植容器	
2202	add	220125	庭院伞	
2205	add	220126	装潢填充用聚酯纤维	
2401	add	240140	聚酯纤维织物	
2401	add	240141	蕾丝花边织物	
2501	add	250206	电热服装	
2501	add	C250033	电热马甲	
2501	rename	250063	马裤（穿着）	马裤
2507	add	C250035	电热靴	
2508	delete	250100	僧帽（帽子）	
2509	add	250207	电热袜	
2509	add	250208	电热或非电热暖脚套	
2509	delete	250133	非电暖脚套	
2510	add	250210	瑜伽手套	
2510	add	C250034	电热手套	
2513	add	250209	剃须围布	
2601	delete	260062	编带	
2605	add	260159	梭编用梭	
2605	rename	260092	针匣	缝纫针匣
2606	rename	260136	带灯饰的人造圣诞花环	带灯饰的人造花环
2606	rename	260137	人造花制圣诞花环	人造花制花环
2606	rename	260138	带灯饰的人造花制圣诞花环	带灯饰的人造花制花环
2606	delete	260135	人造圣诞花环	
2607	add	260158	胸罩用可拆卸丰胸垫	
2607	rename	260046	衣领托	衣领撑
2703	add	270028	瑜伽垫专用包	
2703	add	270029	打坐地垫	
2704	add	270027	人造植物制墙壁覆盖物	
2801	add	280294	游戏用轨迹球	
2802	add	280289	搞怪眼镜	
2802	add	280295	带支架的扁平型丙烯酸材质玩具小塑像	
2805	add	280290	减压握力球	
2807	add	280291	瑜伽砖	
2807	add	280292	瑜伽带	
2807	add	280293	瑜伽轮	
2807	delete	280125	冲浪皮划艇	
2809	rename	280046	护胫（体育用品）	运动用护胫
2809	rename	280143	护肘（体育用品）	运动用护肘
2809	rename	280144	护膝（体育用品）	运动用护膝
2810	rename	280027	圣诞拉炮（聚会助兴道具）	拉炮（聚会助兴道具）
2810	rename	280096	圣诞树用人造雪	装饰用人造雪
2811	delete	280107	钓鱼用肠线	
2811	rename	280002	人造钓鱼饵	人工材料制仿生鱼饵
2811	rename	280194	狩猎或钓鱼用香味诱饵	狩猎或钓鱼用香味假饵
2904	add	290273	以海藻为主的零食小吃	
2905	add	290274	加工过的海藻	
2907	delete	290011	黄油乳脂	
2908	add	290272	食用植物油	
3002	rename	300186	冰茶	冰茶（茶饮料）
3006	add	300329	奶油霜（糖衣）	
3016	add	300327	烹饪用花水	
3016	add	300328	蛋黄奶油酸辣酱	
3016	rename	300070	除香精油外的蛋糕用调味品	蛋糕用调味品
3016	rename	300140	除香精油外的食物用调味品	食物用调味品
3016	rename	300141	除香精油外的饮料用调味品	饮料用调味品
3018	delete	300070	除香精油外的蛋糕用调味品	
3018	delete	300131	香兰素（香草代用品）	
3018	delete	300140	除香精油外的食物用调味品	
3018	delete	300141	除香精油外的饮料用调味品	
3018	rename	300048	食品用香料（含醚香料和香精油除外）	食品用香精
3105	add	310185	新鲜鳄梨	
3401	add	340047	用作烟草代用品的尼古丁袋（非医用）	
3404	rename	340027	打火石	吸烟用打火石
3406	rename	340042	除香精油外的烟草用调味品	烟草用调味品
3406	rename	340043	除香精油外的电子烟用调味品	电子烟用调味品
3502	add	350191	建设项目成本管理	
3506	add	350190	库存转储记录（办公事务）	
3506	add	350192	为他人订阅多媒体内容	
3506	delete	350013	办公机器和设备出租*	
3506	delete	350158	在共享工作设施内出租办公设备	
3601	add	360145	保险计划管理	
3602	add	360146	支付终端设备出租	
3707	add	370179	电动运载工具电池更换服务	
3708	add	370179	电动运载工具电池更换服务	
3709	add	370179	电动运载工具电池更换服务	
3717	group-rename			杀菌，灭虫，消毒服务
3717	add	370181	为霉菌污染修复进行表面清洁	
3718	add	370180	眼镜修理和保养	
3718	add	370182	燃料加注机出租	
3718	add	370183	庭院伞的修理	
3718	rename	370066	阳伞修理	手持阳伞的修理
3901	add	390140	为退还押金目的揽收家用包装物	
3905	add	390139	订阅式汽车出租服务	
3906	add	390141	生物组织的极低温保存（仓库储存）	
3907	rename	390079	常压潜水服出租	潜水装具出租
3912	add	390138	送货机器人出租	
4012	rename	400109	净化有害材料	有害材料的净化处理
4013	add	400151	霉菌污染修复用空气洗涤器的出租	
4015	add	400149	生物修复服务	
4015	add	400150	珠宝首饰的研磨抛光	
4102	add	410267	安排和举办商务会议	
4105	add	410265	体育解说服务	
4105	add	410268	掌上型电子词典出租	
4105	add	410269	袖珍电子翻译器出租	
4105	add	410264	为娱乐目的提供情绪发泄屋	
4105	add	410266	体育活动器械出租	
4105	add	410270	桨式冲浪板出租	
4105	add	410271	无人机灯光秀表演	
4212	add	420316	兽医学研究	
4213	rename	420076	气象信息	提供气象信息
4217	rename	420011	建筑学服务	建筑学服务*
4220	add	420315	人工智能即服务（AIaaS）	
4301	rename	430199	关于膳食制备的信息和咨询	提供关于膳食制备的信息和咨询
4302	add	430214	提供机场休息室	
4302	add	430215	预订和安排机场休息室的使用	
4306	add	430216	火锅出租	
4401	add	440280	刮痧疗法	
4401	add	440281	水疗服务	
4401	add	440282	为诊疗目的进行医学检测	
4402	add	440283	面部护理服务	
4403	add	440285	由兽医实验室提供的兽医诊疗分析服务	
4404	group-rename			农业、水产养殖、园艺和林业服务
4404	add	440279	飞机播种	
4404	add	440284	商业捕鱼服务	
4405	rename	440272	视力矫正用眼镜的出租	眼镜出租
4405	rename	440275	视力矫正用太阳镜的出租	太阳镜出租
4405	renumber	440092	配镜服务	C440006
4502	add	450279	为他人整理个人物品	
4503	delete	450270	非视力矫正用时尚眼镜的出租	
4503	delete	450272	非视力矫正用时尚太阳镜的出租	
4505	add	450274	护卫犬出租	
4505	add	450275	救生衣出租	
4505	add	450276	潜水服出租	
4505	add	450277	防护服装出租	
4505	add	450278	防护用头盔出租	
4506	add	450273	公证人服务	
4506	rename	450201	调解	调解（法律服务）
